epoch,train_loss,lq,lc,le,s_q,p_q,s_c,p_c,best_s_c,lr
1,3.469800,3.591977,3.347622,0.000000,0.342002,0.371864,0.570134,0.584133,0.570134,0.00100000
