epoch,train_loss,lq,lc,le,s_q,p_q,s_c,p_c,best_s_c,lr
1,3.469800,3.591977,3.347622,0.000000,0.342002,0.371864,0.570134,0.584133,0.570134,0.00100000
1,3.490167,3.617088,3.363246,0.000000,0.354888,0.378580,0.554331,0.576198,0.554331,0.00100000
1,3.490167,3.617088,3.363246,0.000000,0.354888,0.378580,0.554331,0.576198,0.554331,0.00100000
2,3.269635,3.278628,3.260641,0.000000,0.333412,0.345425,0.554331,0.577473,0.554331,0.00100000
1,3.482687,3.586329,3.379046,0.000000,0.351166,0.372533,0.554331,0.573509,0.554331,0.00100000
2,3.266610,3.272649,3.260571,0.000000,0.325560,0.346357,0.538309,0.541133,0.554331,0.00100000
